Date,Day,Shift,Shift Name,Time,Ward,Doctor Name,Staff ID,Month,Notes
1,Thursday,D,Day Shift (☀️),08:00 - 20:00,POW Ward,Dr. Afroza Supti,7269766,October 2026,12 Hours Day Duty
2,Friday,OFF,Off Duty (🏖️),-,POW Ward,Dr. Afroza Supti,7269766,October 2026,Rest Day
3,Saturday,OFF,Off Duty (🏖️),-,POW Ward,Dr. Afroza Supti,7269766,October 2026,Rest Day
4,Sunday,D,Day Shift (☀️),08:00 - 20:00,POW Ward,Dr. Afroza Supti,7269766,October 2026,12 Hours Day Duty
5,Monday,N,Night Shift (🌙),20:00 - 08:00,POW Ward,Dr. Afroza Supti,7269766,October 2026,12 Hours Overnight Duty
6,Tuesday,OFF,Off Duty (🏖️),-,POW Ward,Dr. Afroza Supti,7269766,October 2026,Rest Day
7,Wednesday,D,Day Shift (☀️),08:00 - 20:00,POW Ward,Dr. Afroza Supti,7269766,October 2026,12 Hours Day Duty
8,Thursday,D,Day Shift (☀️),08:00 - 20:00,POW Ward,Dr. Afroza Supti,7269766,October 2026,12 Hours Day Duty
9,Friday,N,Night Shift (🌙),20:00 - 08:00,POW Ward,Dr. Afroza Supti,7269766,October 2026,12 Hours Overnight Duty
10,Saturday,OFF,Off Duty (🏖️),-,POW Ward,Dr. Afroza Supti,7269766,October 2026,Rest Day
11,Sunday,OFF,Off Duty (🏖️),-,POW Ward,Dr. Afroza Supti,7269766,October 2026,Rest Day
12,Monday,D,Day Shift (☀️),08:00 - 20:00,POW Ward,Dr. Afroza Supti,7269766,October 2026,12 Hours Day Duty
13,Tuesday,N,Night Shift (🌙),20:00 - 08:00,POW Ward,Dr. Afroza Supti,7269766,October 2026,12 Hours Overnight Duty
14,Wednesday,OFF,Off Duty (🏖️),-,POW Ward,Dr. Afroza Supti,7269766,October 2026,Rest Day
15,Thursday,OFF,Off Duty (🏖️),-,POW Ward,Dr. Afroza Supti,7269766,October 2026,Rest Day
16,Friday,D,Day Shift (☀️),08:00 - 20:00,POW Ward,Dr. Afroza Supti,7269766,October 2026,12 Hours Day Duty
17,Saturday,N,Night Shift (🌙),20:00 - 08:00,POW Ward,Dr. Afroza Supti,7269766,October 2026,12 Hours Overnight Duty
18,Sunday,OFF,Off Duty (🏖️),-,POW Ward,Dr. Afroza Supti,7269766,October 2026,Rest Day
19,Monday,D,Day Shift (☀️),08:00 - 20:00,POW Ward,Dr. Afroza Supti,7269766,October 2026,12 Hours Day Duty
20,Tuesday,D,Day Shift (☀️),08:00 - 20:00,POW Ward,Dr. Afroza Supti,7269766,October 2026,12 Hours Day Duty
21,Wednesday,N,Night Shift (🌙),20:00 - 08:00,POW Ward,Dr. Afroza Supti,7269766,October 2026,12 Hours Overnight Duty
22,Thursday,OFF,Off Duty (🏖️),-,POW Ward,Dr. Afroza Supti,7269766,October 2026,Rest Day
23,Friday,OFF,Off Duty (🏖️),-,POW Ward,Dr. Afroza Supti,7269766,October 2026,Rest Day
24,Saturday,D,Day Shift (☀️),08:00 - 20:00,POW Ward,Dr. Afroza Supti,7269766,October 2026,12 Hours Day Duty
25,Sunday,N,Night Shift (🌙),20:00 - 08:00,POW Ward,Dr. Afroza Supti,7269766,October 2026,12 Hours Overnight Duty
26,Monday,OFF,Off Duty (🏖️),-,POW Ward,Dr. Afroza Supti,7269766,October 2026,Rest Day
27,Tuesday,OFF,Off Duty (🏖️),-,POW Ward,Dr. Afroza Supti,7269766,October 2026,Rest Day
28,Wednesday,D,Day Shift (☀️),08:00 - 20:00,POW Ward,Dr. Afroza Supti,7269766,October 2026,12 Hours Day Duty
29,Thursday,N,Night Shift (🌙),20:00 - 08:00,POW Ward,Dr. Afroza Supti,7269766,October 2026,12 Hours Overnight Duty
30,Friday,OFF,Off Duty (🏖️),-,POW Ward,Dr. Afroza Supti,7269766,October 2026,Rest Day
31,Saturday,OFF,Off Duty (🏖️),-,POW Ward,Dr. Afroza Supti,7269766,October 2026,Rest Day
