Date	Day	Shift	Shift Name	Time	Ward	Doctor Name	Staff ID	Month	Notes
1	=TEXT(DATE(2026, 10, A2), "dddd")	D	=IF(C2="D", "Day Shift (☀️)", IF(C2="N", "Night Shift (🌙)", "Off Duty (🏖️)"))	=IF(C2="D", "08:00 - 20:00", IF(C2="N", "20:00 - 08:00", "-"))	POW Ward	Dr. Afroza Supti	7269766	October 2026	=IF(C2="D", "12 Hours Day Duty", IF(C2="N", "12 Hours Overnight Duty", "Rest Day"))
2	=TEXT(DATE(2026, 10, A3), "dddd")	OFF	=IF(C3="D", "Day Shift (☀️)", IF(C3="N", "Night Shift (🌙)", "Off Duty (🏖️)"))	=IF(C3="D", "08:00 - 20:00", IF(C3="N", "20:00 - 08:00", "-"))	POW Ward	Dr. Afroza Supti	7269766	October 2026	=IF(C3="D", "12 Hours Day Duty", IF(C3="N", "12 Hours Overnight Duty", "Rest Day"))
3	=TEXT(DATE(2026, 10, A4), "dddd")	OFF	=IF(C4="D", "Day Shift (☀️)", IF(C4="N", "Night Shift (🌙)", "Off Duty (🏖️)"))	=IF(C4="D", "08:00 - 20:00", IF(C4="N", "20:00 - 08:00", "-"))	POW Ward	Dr. Afroza Supti	7269766	October 2026	=IF(C4="D", "12 Hours Day Duty", IF(C4="N", "12 Hours Overnight Duty", "Rest Day"))
4	=TEXT(DATE(2026, 10, A5), "dddd")	D	=IF(C5="D", "Day Shift (☀️)", IF(C5="N", "Night Shift (🌙)", "Off Duty (🏖️)"))	=IF(C5="D", "08:00 - 20:00", IF(C5="N", "20:00 - 08:00", "-"))	POW Ward	Dr. Afroza Supti	7269766	October 2026	=IF(C5="D", "12 Hours Day Duty", IF(C5="N", "12 Hours Overnight Duty", "Rest Day"))
5	=TEXT(DATE(2026, 10, A6), "dddd")	N	=IF(C6="D", "Day Shift (☀️)", IF(C6="N", "Night Shift (🌙)", "Off Duty (🏖️)"))	=IF(C6="D", "08:00 - 20:00", IF(C6="N", "20:00 - 08:00", "-"))	POW Ward	Dr. Afroza Supti	7269766	October 2026	=IF(C6="D", "12 Hours Day Duty", IF(C6="N", "12 Hours Overnight Duty", "Rest Day"))
6	=TEXT(DATE(2026, 10, A7), "dddd")	OFF	=IF(C7="D", "Day Shift (☀️)", IF(C7="N", "Night Shift (🌙)", "Off Duty (🏖️)"))	=IF(C7="D", "08:00 - 20:00", IF(C7="N", "20:00 - 08:00", "-"))	POW Ward	Dr. Afroza Supti	7269766	October 2026	=IF(C7="D", "12 Hours Day Duty", IF(C7="N", "12 Hours Overnight Duty", "Rest Day"))
7	=TEXT(DATE(2026, 10, A8), "dddd")	D	=IF(C8="D", "Day Shift (☀️)", IF(C8="N", "Night Shift (🌙)", "Off Duty (🏖️)"))	=IF(C8="D", "08:00 - 20:00", IF(C8="N", "20:00 - 08:00", "-"))	POW Ward	Dr. Afroza Supti	7269766	October 2026	=IF(C8="D", "12 Hours Day Duty", IF(C8="N", "12 Hours Overnight Duty", "Rest Day"))
8	=TEXT(DATE(2026, 10, A9), "dddd")	D	=IF(C9="D", "Day Shift (☀️)", IF(C9="N", "Night Shift (🌙)", "Off Duty (🏖️)"))	=IF(C9="D", "08:00 - 20:00", IF(C9="N", "20:00 - 08:00", "-"))	POW Ward	Dr. Afroza Supti	7269766	October 2026	=IF(C9="D", "12 Hours Day Duty", IF(C9="N", "12 Hours Overnight Duty", "Rest Day"))
9	=TEXT(DATE(2026, 10, A10), "dddd")	N	=IF(C10="D", "Day Shift (☀️)", IF(C10="N", "Night Shift (🌙)", "Off Duty (🏖️)"))	=IF(C10="D", "08:00 - 20:00", IF(C10="N", "20:00 - 08:00", "-"))	POW Ward	Dr. Afroza Supti	7269766	October 2026	=IF(C10="D", "12 Hours Day Duty", IF(C10="N", "12 Hours Overnight Duty", "Rest Day"))
10	=TEXT(DATE(2026, 10, A11), "dddd")	OFF	=IF(C11="D", "Day Shift (☀️)", IF(C11="N", "Night Shift (🌙)", "Off Duty (🏖️)"))	=IF(C11="D", "08:00 - 20:00", IF(C11="N", "20:00 - 08:00", "-"))	POW Ward	Dr. Afroza Supti	7269766	October 2026	=IF(C11="D", "12 Hours Day Duty", IF(C11="N", "12 Hours Overnight Duty", "Rest Day"))
11	=TEXT(DATE(2026, 10, A12), "dddd")	OFF	=IF(C12="D", "Day Shift (☀️)", IF(C12="N", "Night Shift (🌙)", "Off Duty (🏖️)"))	=IF(C12="D", "08:00 - 20:00", IF(C12="N", "20:00 - 08:00", "-"))	POW Ward	Dr. Afroza Supti	7269766	October 2026	=IF(C12="D", "12 Hours Day Duty", IF(C12="N", "12 Hours Overnight Duty", "Rest Day"))
12	=TEXT(DATE(2026, 10, A13), "dddd")	D	=IF(C13="D", "Day Shift (☀️)", IF(C13="N", "Night Shift (🌙)", "Off Duty (🏖️)"))	=IF(C13="D", "08:00 - 20:00", IF(C13="N", "20:00 - 08:00", "-"))	POW Ward	Dr. Afroza Supti	7269766	October 2026	=IF(C13="D", "12 Hours Day Duty", IF(C13="N", "12 Hours Overnight Duty", "Rest Day"))
13	=TEXT(DATE(2026, 10, A14), "dddd")	N	=IF(C14="D", "Day Shift (☀️)", IF(C14="N", "Night Shift (🌙)", "Off Duty (🏖️)"))	=IF(C14="D", "08:00 - 20:00", IF(C14="N", "20:00 - 08:00", "-"))	POW Ward	Dr. Afroza Supti	7269766	October 2026	=IF(C14="D", "12 Hours Day Duty", IF(C14="N", "12 Hours Overnight Duty", "Rest Day"))
14	=TEXT(DATE(2026, 10, A15), "dddd")	OFF	=IF(C15="D", "Day Shift (☀️)", IF(C15="N", "Night Shift (🌙)", "Off Duty (🏖️)"))	=IF(C15="D", "08:00 - 20:00", IF(C15="N", "20:00 - 08:00", "-"))	POW Ward	Dr. Afroza Supti	7269766	October 2026	=IF(C15="D", "12 Hours Day Duty", IF(C15="N", "12 Hours Overnight Duty", "Rest Day"))
15	=TEXT(DATE(2026, 10, A16), "dddd")	OFF	=IF(C16="D", "Day Shift (☀️)", IF(C16="N", "Night Shift (🌙)", "Off Duty (🏖️)"))	=IF(C16="D", "08:00 - 20:00", IF(C16="N", "20:00 - 08:00", "-"))	POW Ward	Dr. Afroza Supti	7269766	October 2026	=IF(C16="D", "12 Hours Day Duty", IF(C16="N", "12 Hours Overnight Duty", "Rest Day"))
16	=TEXT(DATE(2026, 10, A17), "dddd")	D	=IF(C17="D", "Day Shift (☀️)", IF(C17="N", "Night Shift (🌙)", "Off Duty (🏖️)"))	=IF(C17="D", "08:00 - 20:00", IF(C17="N", "20:00 - 08:00", "-"))	POW Ward	Dr. Afroza Supti	7269766	October 2026	=IF(C17="D", "12 Hours Day Duty", IF(C17="N", "12 Hours Overnight Duty", "Rest Day"))
17	=TEXT(DATE(2026, 10, A18), "dddd")	N	=IF(C18="D", "Day Shift (☀️)", IF(C18="N", "Night Shift (🌙)", "Off Duty (🏖️)"))	=IF(C18="D", "08:00 - 20:00", IF(C18="N", "20:00 - 08:00", "-"))	POW Ward	Dr. Afroza Supti	7269766	October 2026	=IF(C18="D", "12 Hours Day Duty", IF(C18="N", "12 Hours Overnight Duty", "Rest Day"))
18	=TEXT(DATE(2026, 10, A19), "dddd")	OFF	=IF(C19="D", "Day Shift (☀️)", IF(C19="N", "Night Shift (🌙)", "Off Duty (🏖️)"))	=IF(C19="D", "08:00 - 20:00", IF(C19="N", "20:00 - 08:00", "-"))	POW Ward	Dr. Afroza Supti	7269766	October 2026	=IF(C19="D", "12 Hours Day Duty", IF(C19="N", "12 Hours Overnight Duty", "Rest Day"))
19	=TEXT(DATE(2026, 10, A20), "dddd")	D	=IF(C20="D", "Day Shift (☀️)", IF(C20="N", "Night Shift (🌙)", "Off Duty (🏖️)"))	=IF(C20="D", "08:00 - 20:00", IF(C20="N", "20:00 - 08:00", "-"))	POW Ward	Dr. Afroza Supti	7269766	October 2026	=IF(C20="D", "12 Hours Day Duty", IF(C20="N", "12 Hours Overnight Duty", "Rest Day"))
20	=TEXT(DATE(2026, 10, A21), "dddd")	D	=IF(C21="D", "Day Shift (☀️)", IF(C21="N", "Night Shift (🌙)", "Off Duty (🏖️)"))	=IF(C21="D", "08:00 - 20:00", IF(C21="N", "20:00 - 08:00", "-"))	POW Ward	Dr. Afroza Supti	7269766	October 2026	=IF(C21="D", "12 Hours Day Duty", IF(C21="N", "12 Hours Overnight Duty", "Rest Day"))
21	=TEXT(DATE(2026, 10, A22), "dddd")	N	=IF(C22="D", "Day Shift (☀️)", IF(C22="N", "Night Shift (🌙)", "Off Duty (🏖️)"))	=IF(C22="D", "08:00 - 20:00", IF(C22="N", "20:00 - 08:00", "-"))	POW Ward	Dr. Afroza Supti	7269766	October 2026	=IF(C22="D", "12 Hours Day Duty", IF(C22="N", "12 Hours Overnight Duty", "Rest Day"))
22	=TEXT(DATE(2026, 10, A23), "dddd")	OFF	=IF(C23="D", "Day Shift (☀️)", IF(C23="N", "Night Shift (🌙)", "Off Duty (🏖️)"))	=IF(C23="D", "08:00 - 20:00", IF(C23="N", "20:00 - 08:00", "-"))	POW Ward	Dr. Afroza Supti	7269766	October 2026	=IF(C23="D", "12 Hours Day Duty", IF(C23="N", "12 Hours Overnight Duty", "Rest Day"))
23	=TEXT(DATE(2026, 10, A24), "dddd")	OFF	=IF(C24="D", "Day Shift (☀️)", IF(C24="N", "Night Shift (🌙)", "Off Duty (🏖️)"))	=IF(C24="D", "08:00 - 20:00", IF(C24="N", "20:00 - 08:00", "-"))	POW Ward	Dr. Afroza Supti	7269766	October 2026	=IF(C24="D", "12 Hours Day Duty", IF(C24="N", "12 Hours Overnight Duty", "Rest Day"))
24	=TEXT(DATE(2026, 10, A25), "dddd")	D	=IF(C25="D", "Day Shift (☀️)", IF(C25="N", "Night Shift (🌙)", "Off Duty (🏖️)"))	=IF(C25="D", "08:00 - 20:00", IF(C25="N", "20:00 - 08:00", "-"))	POW Ward	Dr. Afroza Supti	7269766	October 2026	=IF(C25="D", "12 Hours Day Duty", IF(C25="N", "12 Hours Overnight Duty", "Rest Day"))
25	=TEXT(DATE(2026, 10, A26), "dddd")	N	=IF(C26="D", "Day Shift (☀️)", IF(C26="N", "Night Shift (🌙)", "Off Duty (🏖️)"))	=IF(C26="D", "08:00 - 20:00", IF(C26="N", "20:00 - 08:00", "-"))	POW Ward	Dr. Afroza Supti	7269766	October 2026	=IF(C26="D", "12 Hours Day Duty", IF(C26="N", "12 Hours Overnight Duty", "Rest Day"))
26	=TEXT(DATE(2026, 10, A27), "dddd")	OFF	=IF(C27="D", "Day Shift (☀️)", IF(C27="N", "Night Shift (🌙)", "Off Duty (🏖️)"))	=IF(C27="D", "08:00 - 20:00", IF(C27="N", "20:00 - 08:00", "-"))	POW Ward	Dr. Afroza Supti	7269766	October 2026	=IF(C27="D", "12 Hours Day Duty", IF(C27="N", "12 Hours Overnight Duty", "Rest Day"))
27	=TEXT(DATE(2026, 10, A28), "dddd")	OFF	=IF(C28="D", "Day Shift (☀️)", IF(C28="N", "Night Shift (🌙)", "Off Duty (🏖️)"))	=IF(C28="D", "08:00 - 20:00", IF(C28="N", "20:00 - 08:00", "-"))	POW Ward	Dr. Afroza Supti	7269766	October 2026	=IF(C28="D", "12 Hours Day Duty", IF(C28="N", "12 Hours Overnight Duty", "Rest Day"))
28	=TEXT(DATE(2026, 10, A29), "dddd")	D	=IF(C29="D", "Day Shift (☀️)", IF(C29="N", "Night Shift (🌙)", "Off Duty (🏖️)"))	=IF(C29="D", "08:00 - 20:00", IF(C29="N", "20:00 - 08:00", "-"))	POW Ward	Dr. Afroza Supti	7269766	October 2026	=IF(C29="D", "12 Hours Day Duty", IF(C29="N", "12 Hours Overnight Duty", "Rest Day"))
29	=TEXT(DATE(2026, 10, A30), "dddd")	N	=IF(C30="D", "Day Shift (☀️)", IF(C30="N", "Night Shift (🌙)", "Off Duty (🏖️)"))	=IF(C30="D", "08:00 - 20:00", IF(C30="N", "20:00 - 08:00", "-"))	POW Ward	Dr. Afroza Supti	7269766	October 2026	=IF(C30="D", "12 Hours Day Duty", IF(C30="N", "12 Hours Overnight Duty", "Rest Day"))
30	=TEXT(DATE(2026, 10, A31), "dddd")	OFF	=IF(C31="D", "Day Shift (☀️)", IF(C31="N", "Night Shift (🌙)", "Off Duty (🏖️)"))	=IF(C31="D", "08:00 - 20:00", IF(C31="N", "20:00 - 08:00", "-"))	POW Ward	Dr. Afroza Supti	7269766	October 2026	=IF(C31="D", "12 Hours Day Duty", IF(C31="N", "12 Hours Overnight Duty", "Rest Day"))
31	=TEXT(DATE(2026, 10, A32), "dddd")	OFF	=IF(C32="D", "Day Shift (☀️)", IF(C32="N", "Night Shift (🌙)", "Off Duty (🏖️)"))	=IF(C32="D", "08:00 - 20:00", IF(C32="N", "20:00 - 08:00", "-"))	POW Ward	Dr. Afroza Supti	7269766	October 2026	=IF(C32="D", "12 Hours Day Duty", IF(C32="N", "12 Hours Overnight Duty", "Rest Day"))